CódigoFabrico;CódigoComercial;Descrição Breve;Descrição Completa;Unidade;Categoria;
1000001;3,2003E+11;Aglomerado Negro;Aglomerado Negro;UN;ME-AN;
1100001;3,2003E+11;Aparas;Aparas;UN;ME-AP;
1200001;3,2003E+11;Amostras;Amostras;UN;ME-BR;
1200002;3,2003E+11;Blocos;Blocos;UN;ME-BR;
1200003;3,2003E+11;Blocos Borracha;Blocos Borracha;UN;ME-BR;
1200004;3,2003E+11;Borracha DS;Borracha DS;UN;ME-BR;
1200005;3,2003E+11;Cilindros;Cilindros;UN;ME-BR;
1200006;3,2003E+11;Fol. e rolos/Spheroil;Fol. e rolos/Spheroil;UN;ME-BR;
1200007;3,2003E+11;Folhas;Folhas;UN;ME-BR;
1200008;3,2003E+11;Juntas;Juntas;UN;ME-BR;
1200010;3,2003E+11;Rolos;Rolos;UN;ME-BR;
1200011;3,2003E+11;hermoCork;hermoCork;UN;ME-BR;
1300001;3,2003E+11;Calcanheiras;Calcanheiras;UN;ME-CC;
1300002;3,2003E+11;Insock Orthema;Insock Orthema;UN;ME-CC;
1300003;3,2003E+11;Insock Paromed;Insock Paromed;UN;ME-CC;
1300004;3,2003E+11;Meias Palmilhas;Meias Palmilhas;UN;ME-CC;
1300005;3,2003E+11;Orthofit;Orthofit;UN;ME-CC;
1300007;3,2003E+11;Palmilhas c/ Bicolor;Palmilhas c/ Bicolor;UN;ME-CC;
1300008;3,2003E+11;Palmilhas c/ Caraculo;Palmilhas c/ Caraculo;UN;ME-CC;
1300009;3,2003E+11;Palmilhas c/ Latex;Palmilhas c/ Latex;UN;ME-CC;
1300010;3,2003E+11;Palmilhas c/ Pele Nat;Palmilhas c/ Pele Nat;UN;ME-CC;
1300011;3,2003E+11;Palmilhas c/ Tecido;Palmilhas c/ Tecido;UN;ME-CC;
1300012;3,2003E+11;Palmilhas Moldadas;Palmilhas Moldadas;UN;ME-CC;
1300013;3,2003E+11;Pellets;Pellets;UN;ME-CC;
1300014;3,2003E+11;Plataformas Ortopedica;Plataformas Ortopedica;UN;ME-CC;
1300015;3,2003E+11;Solados;Solados;UN;ME-CC;
1300016;3,2003E+11;Tacões Moldados;Tacões Moldados;UN;ME-CC;
1300017;3,2003E+11;Pasta;Pasta;UN;ME-CC;
1400002;3,2003E+11;Memoboards;Memoboards;UN;ME-GI;
1500001;3,2003E+11;Granulado AD;Granulado AD;UN;ME-GR;
1500002;3,2003E+11;Granulado BD;Granulado BD;UN;ME-GR;
1500003;3,2003E+11;Granulado BT;Granulado BT;UN;ME-GR;
1500004;3,2003E+11;Granulado MF;Granulado MF;UN;ME-GR;
1500006;3,2003E+11;Triturados;Triturados;UN;ME-GR;
1600001;3,2003E+11;Aglomerado Betuminoso;Aglomerado Betuminoso;UN;ME-OA;
1600002;3,2003E+11;Barris;Barris;UN;ME-OA;
1600003;3,2003E+11;Batoques Silicone;Batoques Silicone;UN;ME-OA;
1600004;3,2003E+11;Blocos Calçado;Blocos Calçado;UN;ME-OA;
1600005;3,2003E+11;Blocos Decor;Blocos Decor;UN;ME-OA;
1600006;3,2003E+11;Blocos Parquet;Blocos Parquet;UN;ME-OA;
1600007;3,2003E+11;Bolas;Bolas;UN;ME-OA;
1600008;3,2003E+11;Coco;Coco;UN;ME-OA;
1600009;3,2003E+11;Cortiça com Papel;Cortiça com Papel;UN;ME-OA;
1600010;3,2003E+11;Cortiça em Prancha;Cortiça em Prancha;UN;ME-OA;
1600011;3,2003E+11;Decor;Decor;UN;ME-OA;
1600012;3,2003E+11;Desperdícios Vinil;Desperdícios Vinil;UN;ME-OA;
1600013;3,2003E+11;Engarrafadores;Engarrafadores;UN;ME-OA;
1600014;3,2003E+11;Isodec;Isodec;UN;ME-OA;
1600016;3,2003E+11;Ladrilhos;Ladrilhos;UN;ME-OA;
1600017;3,2003E+11;Laminas Cortiça Nat.;Laminas Cortiça Nat.;UN;ME-OA;
1600018;3,2003E+11;Máquinas;Máquinas;UN;ME-OA;
1600019;3,2003E+11;Materiais Corkwall;Materiais Corkwall;UN;ME-OA;
1600020;3,2003E+11;Materiais Dyncork;Materiais Dyncork;UN;ME-OA;
1600021;3,2003E+11;Muro Silêncio;Muro Silêncio;UN;ME-OA;
1600022;3,2003E+11;Orçamento;Orçamento;UN;ME-OA;
1600023;3,2003E+11;Parquet;Parquet;UN;ME-OA;
1600024;3,2003E+11;Parquet Flutuante;Parquet Flutuante;UN;ME-OA;
1600026;3,2003E+11;Prod.Limpeza Corklife;Prod.Limpeza Corklife;UN;ME-OA;
1600027;3,2003E+11;Regranulado Negro;Regranulado Negro;UN;ME-OA;
1600028;3,2003E+11;Rodapés;Rodapés;UN;ME-OA;
1600029;3,2003E+11;Saca Rolhas;Saca Rolhas;UN;ME-OA;
1600030;3,2003E+11;Stabyll;Stabyll;UN;ME-OA;
1600031;3,2003E+11;Tiras de Cortiça Agl.;Tiras de Cortiça Agl.;UN;ME-OA;
1600032;3,2003E+11;TNT;TNT;UN;ME-OA;
1600033;3,2003E+11;Torneiras Madeira;Torneiras Madeira;UN;ME-OA;
1700001;3,2003E+11;Bastões;Bastões;UN;ME-RL;
1700002;3,2003E+11;Capsulas;Capsulas;UN;ME-RL;
1700003;3,2003E+11;Discos;Discos;UN;ME-RL;
1700004;3,2003E+11;Muselets;Muselets;UN;ME-RL;
1700005;3,2003E+11;Rolhas Aglomeradas;Rolhas Aglomeradas;UN;ME-RL;
1700006;3,2003E+11;Rolhas Naturais;Rolhas Naturais;UN;ME-RL;
1700007;3,2003E+11;Tapadeiras;Tapadeiras;UN;ME-RL;
2000001;3,2003E+11;Apara Costa;Apara Costa;UN;MP-AP;
2000002;3,2003E+11;Apara Cozida;Apara Cozida;UN;MP-AP;
2000003;3,2003E+11;Apara Crúa;Apara Crúa;UN;MP-AP;
2000004;3,2003E+11;Outras Aparas;Outras Aparas;UN;MP-AP;
2100001;3,2003E+11;Desperdícios (D);Desperdícios (D);UN;MP-GD;
2100002;3,2003E+11;Granulado AD (D);Granulado AD (D);UN;MP-GD;
2100003;3,2003E+11;Granulado ADT (D);Granulado ADT (D);UN;MP-GD;
2100004;3,2003E+11;Granulado BD (D);Granulado BD (D);UN;MP-GD;
2100005;3,2003E+11;Granulado MD (D);Granulado MD (D);UN;MP-GD;
2100006;3,2003E+11;Granulado MF (D);Granulado MF (D);UN;MP-GD;
2200001;3,2003E+11;Granulado AD (R);Granulado AD (R);UN;MP-GR;
2200002;3,2003E+11;Granulado BD (R);Granulado BD (R);UN;MP-GR;
2200003;3,2003E+11;Granulado MD (R);Granulado MD (R);UN;MP-GR;
2300001;3,2003E+11;Granulado MF (R);Granulado MF (R);UN;MP-GR;
2300002;3,2003E+11;Blocos Aglomerados;Blocos Aglomerados;UN;MP-OC;
2300003;3,2003E+11;Blocos c/ Borracha;Blocos c/ Borracha;UN;MP-OC;
2300004;3,2003E+11;Blocos c/Desp.borracha;Blocos c/Desp.borracha;UN;MP-OC;
2300005;3,2003E+11;Blocos Naturais;Blocos Naturais;UN;MP-OC;
2300006;3,2003E+11;Cilindros;Cilindros;UN;MP-OC;
2300007;3,2003E+11;Desperdícios;Desperdícios;UN;MP-OC;
2300008;3,2003E+11;Especialidades;Especialidades;UN;MP-OC;
2300009;3,2003E+11;Folhas Decorativas;Folhas Decorativas;UN;MP-OC;
2300010;3,2003E+11;Folhas e Rolos;Folhas e Rolos;UN;MP-OC;
2300011;3,2003E+11;Juntas;Juntas;UN;MP-OC;
2300012;3,2003E+11;Memoboards;Memoboards;UN;MP-OC;
2300013;3,2003E+11;Palmilhas;Palmilhas;UN;MP-OC;
2300014;3,2003E+11;Regranulado;Regranulado;UN;MP-OC;
2300015;3,2003E+11;Rodapés;Rodapés;UN;MP-OC;
2300016;3,2003E+11;Rolos c/ Borracha;Rolos c/ Borracha;UN;MP-OC;
2300017;3,2003E+11;Solados;Solados;UN;MP-OC;
2300018;3,2003E+11;Tablemats;Tablemats;UN;MP-OC;
2300019;3,2003E+11;Thermocork;Thermocork;UN;MP-OC;
2300020;3,2003E+11;Trivets;Trivets;UN;MP-OC;
2400002;3,2003E+11;Trit.Cozido;Trit.Cozido;UN;MP-TC;
2400003;3,2003E+11;Trit.Crú;Trit.Crú;UN;MP-TC;
4000001;3,2008E+11;Brancos - 3003 Prof;Brancos - 3003 Prof;UN;PA-BR;
4000002;3,2008E+11;Brancos - 3827 Prof;Brancos - 3827 Prof;UN;PA-BR;
4000003;3,2008E+11;Brancos - 5011;Brancos - 5011;UN;PA-BR;
4000004;3,2008E+11;Brancos - 7455;Brancos - 7455;UN;PA-BR;
4000005;3,2008E+11;Brancos - 8002;Brancos - 8002;UN;PA-BR;
4000006;3,2008E+11;Brancos - 8003;Brancos - 8003;UN;PA-BR;
4000007;3,2008E+11;Brancos - 8004;Brancos - 8004;UN;PA-BR;
4000008;3,2008E+11;Brancos - 8006;Brancos - 8006;UN;PA-BR;
4000009;3,2008E+11;Brancos - 8008;Brancos - 8008;UN;PA-BR;
4000010;3,2008E+11;Brancos - 8012;Brancos - 8012;UN;PA-BR;
4000011;3,2008E+11;Brancos - 8013;Brancos - 8013;UN;PA-BR;
4000012;3,2008E+11;Brancos - 8018;Brancos - 8018;UN;PA-BR;
4000013;3,2008E+11;Brancos - 8019;Brancos - 8019;UN;PA-BR;
4000014;3,2008E+11;Brancos - 8020;Brancos - 8020;UN;PA-BR;
4000015;3,2008E+11;Brancos - 8024;Brancos - 8024;UN;PA-BR;
4000016;3,2008E+11;Brancos - 8026;Brancos - 8026;UN;PA-BR;
4000017;3,2008E+11;Brancos - 8040;Brancos - 8040;UN;PA-BR;
4000018;3,2008E+11;Brancos - 8041;Brancos - 8041;UN;PA-BR;
4000019;3,2008E+11;Brancos - 8057;Brancos - 8057;UN;PA-BR;
4000020;3,2008E+11;Brancos - 8058;Brancos - 8058;UN;PA-BR;
4000021;3,2008E+11;Brancos - 8060;Brancos - 8060;UN;PA-BR;
4000022;3,2008E+11;Brancos - 8061;Brancos - 8061;UN;PA-BR;
4000023;3,2008E+11;Brancos - 8103;Brancos - 8103;UN;PA-BR;
4000024;3,2008E+11;Brancos - 8107;Brancos - 8107;UN;PA-BR;
4000025;3,2008E+11;Brancos - 8108;Brancos - 8108;UN;PA-BR;
4000026;3,2008E+11;Brancos - 8109;Brancos - 8109;UN;PA-BR;
4000027;3,2008E+11;Brancos - 8111;Brancos - 8111;UN;PA-BR;
4000028;3,2008E+11;Brancos - 8112;Brancos - 8112;UN;PA-BR;
4000029;3,2008E+11;Brancos - 8113;Brancos - 8113;UN;PA-BR;
4000030;3,2008E+11;Brancos - 8120;Brancos - 8120;UN;PA-BR;
4000031;3,2008E+11;Brancos - 8122;Brancos - 8122;UN;PA-BR;
4000032;3,2008E+11;Brancos - 8123;Brancos - 8123;UN;PA-BR;
4000033;3,2008E+11;Brancos - 8130;Brancos - 8130;UN;PA-BR;
4000034;3,2008E+11;Brancos - 8134;Brancos - 8134;UN;PA-BR;
4000035;3,2008E+11;Brancos - 8300;Brancos - 8300;UN;PA-BR;
4000036;3,2008E+11;Brancos - 8301;Brancos - 8301;UN;PA-BR;
4000037;3,2008E+11;Brancos - 8302;Brancos - 8302;UN;PA-BR;
4000038;3,2008E+11;Brancos - 8303;Brancos - 8303;UN;PA-BR;
4000039;3,2008E+11;Brancos - 8304;Brancos - 8304;UN;PA-BR;
4000040;3,2008E+11;Brancos - 8305;Brancos - 8305;UN;PA-BR;
4000041;3,2008E+11;Brancos - 8323;Brancos - 8323;UN;PA-BR;
4000042;3,2008E+11;Brancos - 8350;Brancos - 8350;UN;PA-BR;
4000043;3,2008E+11;Brancos - 8400;Brancos - 8400;UN;PA-BR;
4000044;3,2008E+11;Brancos - 8402;Brancos - 8402;UN;PA-BR;
4000045;3,2008E+11;Brancos - 8403;Brancos - 8403;UN;PA-BR;
4000046;3,2008E+11;Brancos - 8404;Brancos - 8404;UN;PA-BR;
4000047;3,2008E+11;Brancos - 8405;Brancos - 8405;UN;PA-BR;
4000048;3,2008E+11;Brancos - 8406;Brancos - 8406;UN;PA-BR;
4000049;3,2008E+11;Brancos - 8407;Brancos - 8407;UN;PA-BR;
4000050;3,2008E+11;Brancos - 8415;Brancos - 8415;UN;PA-BR;
4000051;3,2008E+11;Brancos - 8425;Brancos - 8425;UN;PA-BR;
4000052;3,2008E+11;Brancos - 8435;Brancos - 8435;UN;PA-BR;
4000053;3,2008E+11;Brancos - 8455;Brancos - 8455;UN;PA-BR;
4000054;3,2008E+11;Brancos - 8456;Brancos - 8456;UN;PA-BR;
4000055;3,2008E+11;Brancos - 8475;Brancos - 8475;UN;PA-BR;
4000056;3,2008E+11;Brancos - 8485;Brancos - 8485;UN;PA-BR;
4000057;3,2008E+11;Brancos - 8495;Brancos - 8495;UN;PA-BR;
4000058;3,2008E+11;Brancos - 8505;Brancos - 8505;UN;PA-BR;
4000059;3,2008E+11;Brancos - 8510;Brancos - 8510;UN;PA-BR;
4000060;3,2008E+11;Brancos - 8511;Brancos - 8511;UN;PA-BR;
4000061;3,2008E+11;Brancos - 8512;Brancos - 8512;UN;PA-BR;
4000062;3,2008E+11;Brancos - 8513;Brancos - 8513;UN;PA-BR;
4000063;3,2008E+11;Brancos - 8519;Brancos - 8519;UN;PA-BR;
4000064;3,2008E+11;Brancos - 8521;Brancos - 8521;UN;PA-BR;
4000065;3,2008E+11;Brancos - 8524;Brancos - 8524;UN;PA-BR;
4000066;3,2008E+11;Brancos - 8528;Brancos - 8528;UN;PA-BR;
4000067;3,2008E+11;Brancos - 8529;Brancos - 8529;UN;PA-BR;
4000068;3,2008E+11;Brancos - 8534;Brancos - 8534;UN;PA-BR;
4000069;3,2008E+11;Brancos - 8545;Brancos - 8545;UN;PA-BR;
4000070;3,2008E+11;Brancos - 8546;Brancos - 8546;UN;PA-BR;
4000071;3,2008E+11;Brancos - 8547;Brancos - 8547;UN;PA-BR;
4000072;3,2008E+11;Brancos - 8548;Brancos - 8548;UN;PA-BR;
4000073;3,2008E+11;Brancos - 8549;Brancos - 8549;UN;PA-BR;
4000074;3,2008E+11;Brancos - 8550;Brancos - 8550;UN;PA-BR;
4000075;3,2008E+11;Brancos - 8554;Brancos - 8554;UN;PA-BR;
4000076;3,2008E+11;Brancos - 8580;Brancos - 8580;UN;PA-BR;
4000077;3,2008E+11;Brancos - 8581;Brancos - 8581;UN;PA-BR;
4000078;3,2008E+11;Brancos - 8593;Brancos - 8593;UN;PA-BR;
4000079;3,2008E+11;Brancos - 8596;Brancos - 8596;UN;PA-BR;
4000080;3,2008E+11;Brancos - 8597;Brancos - 8597;UN;PA-BR;
4000081;3,2008E+11;Brancos - 8600;Brancos - 8600;UN;PA-BR;
4000082;3,2008E+11;Brancos - 8601;Brancos - 8601;UN;PA-BR;
4000083;3,2008E+11;Brancos - 8610;Brancos - 8610;UN;PA-BR;
4000084;3,2008E+11;Brancos - 8611;Brancos - 8611;UN;PA-BR;
4000085;3,2008E+11;Brancos - 8612;Brancos - 8612;UN;PA-BR;
4000086;3,2008E+11;Brancos - 8702;Brancos - 8702;UN;PA-BR;
4000087;3,2008E+11;Brancos - 8703;Brancos - 8703;UN;PA-BR;
4000088;3,2008E+11;Brancos - 8746;Brancos - 8746;UN;PA-BR;
4000089;3,2008E+11;Brancos - 8747;Brancos - 8747;UN;PA-BR;
4000090;3,2008E+11;Brancos - 8748;Brancos - 8748;UN;PA-BR;
4000091;3,2008E+11;Brancos - 8749;Brancos - 8749;UN;PA-BR;
4000092;3,2008E+11;Brancos - 8750;Brancos - 8750;UN;PA-BR;
4000093;3,2008E+11;Brancos - 8781;Brancos - 8781;UN;PA-BR;
4000094;3,2008E+11;Brancos - 8803;Brancos - 8803;UN;PA-BR;
4000095;3,2008E+11;Brancos - 8810;Brancos - 8810;UN;PA-BR;
4000096;3,2008E+11;Brancos - 8811;Brancos - 8811;UN;PA-BR;
4000097;3,2008E+11;Brancos - 8819;Brancos - 8819;UN;PA-BR;
4000098;3,2008E+11;Brancos - 8820;Brancos - 8820;UN;PA-BR;
4000099;3,2008E+11;Brancos - 8821;Brancos - 8821;UN;PA-BR;
4000100;3,2008E+11;Brancos - 8822;Brancos - 8822;UN;PA-BR;
4000101;3,2008E+11;Brancos - 8823;Brancos - 8823;UN;PA-BR;
4000102;3,2008E+11;Brancos - 8825;Brancos - 8825;UN;PA-BR;
4000103;3,2008E+11;Brancos - 8826;Brancos - 8826;UN;PA-BR;
4000104;3,2008E+11;Brancos - 8827;Brancos - 8827;UN;PA-BR;
4000105;3,2008E+11;Brancos - 8828;Brancos - 8828;UN;PA-BR;
4000106;3,2008E+11;Brancos - 8829;Brancos - 8829;UN;PA-BR;
4000107;3,2008E+11;Brancos - 8830;Brancos - 8830;UN;PA-BR;
4000108;3,2008E+11;Brancos - 8900;Brancos - 8900;UN;PA-BR;
4000109;3,2008E+11;Brancos - 8902;Brancos - 8902;UN;PA-BR;
4000110;3,2008E+11;Brancos - P045;Brancos - P045;UN;PA-BR;
4000111;3,2008E+11;Brancos - P050;Brancos - P050;UN;PA-BR;
4000112;3,2008E+11;Placas ACM91;Placas ACM91;UN;PA-BR;
4000113;3,2008E+11;Placas US;Placas US;UN;PA-BR;
4100001;3,2008E+11;Calçado - 9001;Calçado - 9001;UN;PA-CA;
4100002;3,2008E+11;Calçado - 9002;Calçado - 9002;UN;PA-CA;
4100003;3,2008E+11;Calçado - 9098;Calçado - 9098;UN;PA-CA;
4100004;3,2008E+11;Calçado - 9400;Calçado - 9400;UN;PA-CA;
4100005;3,2008E+11;Calçado - 9402;Calçado - 9402;UN;PA-CA;
4100006;3,2008E+11;Calçado - 9403;Calçado - 9403;UN;PA-CA;
4100007;3,2008E+11;Calçado - 9405;Calçado - 9405;UN;PA-CA;
4100008;3,2008E+11;Calçado - 9426;Calçado - 9426;UN;PA-CA;
4100009;3,2008E+11;Calçado - 9431;Calçado - 9431;UN;PA-CA;
4100010;3,2008E+11;Calçado - 9433;Calçado - 9433;UN;PA-CA;
4100011;3,2008E+11;Calçado - 9434;Calçado - 9434;UN;PA-CA;
4100012;3,2008E+11;Calçado - 9435;Calçado - 9435;UN;PA-CA;
4100013;3,2008E+11;Calçado - 9436;Calçado - 9436;UN;PA-CA;
4100014;3,2008E+11;Calçado - 9437;Calçado - 9437;UN;PA-CA;
4100015;3,2008E+11;Calçado - 9438;Calçado - 9438;UN;PA-CA;
4100016;3,2008E+11;Calçado - 9439;Calçado - 9439;UN;PA-CA;
4100017;3,2008E+11;Calçado - 9440;Calçado - 9440;UN;PA-CA;
4100018;3,2008E+11;Calçado - 9441;Calçado - 9441;UN;PA-CA;
4100019;3,2008E+11;Calçado - 9442;Calçado - 9442;UN;PA-CA;
4100020;3,2008E+11;Calçado - 9443;Calçado - 9443;UN;PA-CA;
4100021;3,2008E+11;Calçado - 9446;Calçado - 9446;UN;PA-CA;
4100022;3,2008E+11;Calçado - 9485;Calçado - 9485;UN;PA-CA;
4100023;3,2008E+11;Calçado - 9498;Calçado - 9498;UN;PA-CA;
4100024;3,2008E+11;Calçado - 9700;Calçado - 9700;UN;PA-CA;
4200001;3,2008E+11;Apoios Metatarso;Apoios Metatarso;UN;PA-CC;
4200002;3,2008E+11;Calcanheiras;Calcanheiras;UN;PA-CC;
4200003;3,2008E+11;Meias Palmilhas;Meias Palmilhas;UN;PA-CC;
4200004;3,2008E+11;Palmilhas Moldadas;Palmilhas Moldadas;UN;PA-CC;
4200005;3,2008E+11;Solados;Solados;UN;PA-CC;
4200006;3,2008E+11;Tacões;Tacões;UN;PA-CC;
4200007;3,2008E+11;Apoios;Apoios;UN;PA-CR;
4200008;3,2008E+11;Blocos CR;Blocos CR;UN;PA-CR;
4200009;3,2008E+11;Cilindros Caland. CR;Cilindros Caland. CR;UN;PA-CR;
4200010;3,2008E+11;Cilindros Ply-up CR;Cilindros Ply-up CR;UN;PA-CR;
4200011;3,2008E+11;Folhas CR;Folhas CR;UN;PA-CR;
4200012;3,2008E+11;Folhas CR > 100 mm;Folhas CR > 100 mm;UN;PA-CR;
4200013;3,2008E+11;Misturas;Misturas;UN;PA-CR;
4200014;3,2008E+11;Rodas;Rodas;UN;PA-CR;
4200015;3,2008E+11;Rolos CR;Rolos CR;UN;PA-CR;
4200016;3,2008E+11;Brancos - 1234;Brancos - 1234;UN;PA-DR;
4300001;3,2008E+11;Blocos DS;Blocos DS;UN;PA-DS;
4300002;3,2008E+11;Cilindros DS;Cilindros DS;UN;PA-DS;
4300003;3,2008E+11;Folhas DS;Folhas DS;UN;PA-DS;
4300004;3,2008E+11;Folhas DS > 100 mm;Folhas DS > 100 mm;UN;PA-DS;
4300005;3,2008E+11;Folhas DS/RR;Folhas DS/RR;UN;PA-DS;
4300006;3,2008E+11;Mini Rolos DS;Mini Rolos DS;UN;PA-DS;
4300007;3,2008E+11;Rolos DS;Rolos DS;UN;PA-DS;
4300008;3,2008E+11;Rolos DS/Profile;Rolos DS/Profile;UN;PA-DS;
4300009;3,2008E+11;Rolos DS/TRW;Rolos DS/TRW;UN;PA-DS;
4400001;3,2008E+11;Bases c/azulejo;Bases c/azulejo;UN;PA-FP;
4400002;3,2008E+11;Bases Copos c/caixa;Bases Copos c/caixa;UN;PA-FP;
4400003;3,2008E+11;Bases Copos c/Serigr.;Bases Copos c/Serigr.;UN;PA-FP;
4400004;3,2008E+11;Bases Copos Naturais;Bases Copos Naturais;UN;PA-FP;
4400005;3,2008E+11;Bases Mesa c/Serigr.;Bases Mesa c/Serigr.;UN;PA-FP;
4400006;3,2008E+11;Bases Mesa Naturais;Bases Mesa Naturais;UN;PA-FP;
4400007;3,2008E+11;Bases p/azulejo;Bases p/azulejo;UN;PA-FP;
4400008;3,2008E+11;Bases Quentes c/Serigr;Bases Quentes c/Serigr;UN;PA-FP;
4400009;3,2008E+11;Bases Quentes Naturais;Bases Quentes Naturais;UN;PA-FP;
4400010;3,2008E+11;Container Collection;Container Collection;UN;PA-FP;
4400011;3,2008E+11;Deskit Collection;Deskit Collection;UN;PA-FP;
4500001;3,2008E+11;Folhas de Rolos - 5011;Folhas de Rolos - 5011;UN;PA-FR;
4500002;3,2008E+11;Folhas de Rolos - 8202;Folhas de Rolos - 8202;UN;PA-FR;
4500003;3,2008E+11;Folhas de Rolos - 8210;Folhas de Rolos - 8210;UN;PA-FR;
4500004;3,2008E+11;Folhas de Rolos - 8211;Folhas de Rolos - 8211;UN;PA-FR;
4500005;3,2008E+11;Folhas de Rolos - 8214;Folhas de Rolos - 8214;UN;PA-FR;
4500006;3,2008E+11;Folhas de Rolos - 8215;Folhas de Rolos - 8215;UN;PA-FR;
4500007;3,2008E+11;Folhas de Rolos - 8220;Folhas de Rolos - 8220;UN;PA-FR;
4500008;3,2008E+11;Folhas de Rolos - 8222;Folhas de Rolos - 8222;UN;PA-FR;
4500009;3,2008E+11;Folhas de Rolos - 8226;Folhas de Rolos - 8226;UN;PA-FR;
4500010;3,2008E+11;Folhas de rolos - 8231;Folhas de rolos - 8231;UN;PA-FR;
4500011;3,2008E+11;Folhas de Rolos - 8232;Folhas de Rolos - 8232;UN;PA-FR;
4500012;3,2008E+11;Folhas de Rolos - 8235;Folhas de Rolos - 8235;UN;PA-FR;
4500013;3,2008E+11;Folhas de Rolos - 8240;Folhas de Rolos - 8240;UN;PA-FR;
4500014;3,2008E+11;Folhas de Rolos - 8242;Folhas de Rolos - 8242;UN;PA-FR;
4500015;3,2008E+11;Folhas de Rolos - 8244;Folhas de Rolos - 8244;UN;PA-FR;
4500016;3,2008E+11;Folhas de Rolos - 8245;Folhas de Rolos - 8245;UN;PA-FR;
4500017;3,2008E+11;Folhas de Rolos - 8246;Folhas de Rolos - 8246;UN;PA-FR;
4500018;3,2008E+11;Folhas de Rolos - 8247;Folhas de Rolos - 8247;UN;PA-FR;
4500019;3,2008E+11;Folhas de Rolos - 8248;Folhas de Rolos - 8248;UN;PA-FR;
4500020;3,2008E+11;Folhas de Rolos - 8249;Folhas de Rolos - 8249;UN;PA-FR;
4500021;3,2008E+11;Folhas de rolos - 8250;Folhas de rolos - 8250;UN;PA-FR;
4500022;3,2008E+11;Folhas de Rolos - 8251;Folhas de Rolos - 8251;UN;PA-FR;
4500023;3,2008E+11;Folhas de Rolos - 8254;Folhas de Rolos - 8254;UN;PA-FR;
4500024;3,2008E+11;Folhas de Rolos - 8256;Folhas de Rolos - 8256;UN;PA-FR;
4500025;3,2008E+11;Folhas de Rolos - 8257;Folhas de Rolos - 8257;UN;PA-FR;
4500026;3,2008E+11;Folhas de Rolos - 8258;Folhas de Rolos - 8258;UN;PA-FR;
4500027;3,2008E+11;Folhas de Rolos - 8260;Folhas de Rolos - 8260;UN;PA-FR;
4500028;3,2008E+11;Folhas de Rolos - 8264;Folhas de Rolos - 8264;UN;PA-FR;
4500029;3,2008E+11;Folhas de Rolos - 8266;Folhas de Rolos - 8266;UN;PA-FR;
4500030;3,2008E+11;Folhas de Rolos - 8276;Folhas de Rolos - 8276;UN;PA-FR;
4500031;3,2008E+11;Folhas de Rolos - 8292;Folhas de Rolos - 8292;UN;PA-FR;
4500032;3,2008E+11;Folhas de Rolos - 8294;Folhas de Rolos - 8294;UN;PA-FR;
4600001;3,2008E+11;Granulado AD;Granulado AD;UN;PA-GR;
4600002;3,2008E+11;Granulado ADS;Granulado ADS;UN;PA-GR;
4600003;3,2008E+11;Granulado ADT;Granulado ADT;UN;PA-GR;
4600004;3,2008E+11;Granulado BD 2/3;Granulado BD 2/3;UN;PA-GR;
4600005;3,2008E+11;Granulado BD Fino;Granulado BD Fino;UN;PA-GR;
4600006;3,2008E+11;Granulado BD Grosso;Granulado BD Grosso;UN;PA-GR;
4600007;3,2008E+11;Granulado BD/MD Fino;Granulado BD/MD Fino;UN;PA-GR;
4600008;3,2008E+11;Granulado MD;Granulado MD;UN;PA-GR;
4600009;3,2008E+11;Granulado MD(80-90 KG);Granulado MD(80-90 KG);UN;PA-GR;
4600010;3,2008E+11;Granulado MF;Granulado MF;UN;PA-GR;
4600011;3,2008E+11;Recicláveis;Recicláveis;UN;PA-GR;
4600012;3,2008E+11;Granulado BD F (45-50kg);Granulado BD F (45-50kg);UN;PA-GR;
4700001;3,2008E+11;Bases cerâmica;Bases cerâmica;UN;PA-HM;
4700002;3,2008E+11;Bases mesa decoradas;Bases mesa decoradas;UN;PA-HM;
4700003;3,2008E+11;Bases mesa naturais;Bases mesa naturais;UN;PA-HM;
4700004;3,2008E+11;Bases quentes;Bases quentes;UN;PA-HM;
4700005;3,2008E+11;Contentores;Contentores;UN;PA-HM;
4700006;3,2008E+11;Garrafeiras;Garrafeiras;UN;PA-HM;
4700007;3,2008E+11;Licenciados;Licenciados;UN;PA-HM;
4700008;3,2008E+11;Tabuleiros;Tabuleiros;UN;PA-HM;
4700009;3,2008E+11;Tapetes;Tapetes;UN;PA-HM;
4800001;3,2008E+11;Quadros CR;Quadros CR;UN;PA-JA;
4800002;3,2008E+11;Folhas de Quadros CR;Folhas de Quadros CR;UN;PA-JC;
4800003;3,2008E+11;Juntas CR;Juntas CR;UN;PA-JC;
4800004;3,2008E+11;Juntas Kits CR;Juntas Kits CR;UN;PA-JC;
4800006;3,2008E+11;Folhas de Quadros DS;Folhas de Quadros DS;UN;PA-JD;
4800007;3,2008E+11;Juntas DS;Juntas DS;UN;PA-JD;
4800008;3,2008E+11;Juntas Kits DS;Juntas Kits DS;UN;PA-JD;
4800010;3,2008E+11;Quadros DS;Quadros DS;UN;PA-JD;
4900001;3,2008E+11;Mini-Rolos - 4400;Mini-Rolos - 4400;UN;PA-MR;
4900002;3,2008E+11;Mini-Rolos - 5011;Mini-Rolos - 5011;UN;PA-MR;
4900003;3,2008E+11;Mini-Rolos - 5081;Mini-Rolos - 5081;UN;PA-MR;
4900004;3,2008E+11;Mini-Rolos - 5085;Mini-Rolos - 5085;UN;PA-MR;
4900005;3,2008E+11;Mini-Rolos - 5185;Mini-Rolos - 5185;UN;PA-MR;
4900006;3,2008E+11;Mini-Rolos - 5313;Mini-Rolos - 5313;UN;PA-MR;
4900007;3,2008E+11;Mini-Rolos - 5351;Mini-Rolos - 5351;UN;PA-MR;
4900008;3,2008E+11;Mini-Rolos - 8202;Mini-Rolos - 8202;UN;PA-MR;
4900009;3,2008E+11;Mini-Rolos - 8203;Mini-Rolos - 8203;UN;PA-MR;
4900010;3,2008E+11;Mini-Rolos - 8204;Mini-Rolos - 8204;UN;PA-MR;
4900011;3,2008E+11;Mini-Rolos - 8205;Mini-Rolos - 8205;UN;PA-MR;
4900012;3,2008E+11;Mini-Rolos - 8206;Mini-Rolos - 8206;UN;PA-MR;
4900013;3,2008E+11;Mini-Rolos - 8207;Mini-Rolos - 8207;UN;PA-MR;
4900014;3,2008E+11;Mini-Rolos - 8210;Mini-Rolos - 8210;UN;PA-MR;
4900015;3,2008E+11;Mini-Rolos - 8210 Prof;Mini-Rolos - 8210 Prof;UN;PA-MR;
4900016;3,2008E+11;Mini-Rolos - 8226 Prof;Mini-Rolos - 8226 Prof;UN;PA-MR;
4900017;3,2008E+11;Mini-Rolos - 8230;Mini-Rolos - 8230;UN;PA-MR;
4900018;3,2008E+11;Mini-Rolos - 8232;Mini-Rolos - 8232;UN;PA-MR;
4900019;3,2008E+11;Mini-Rolos - 8235;Mini-Rolos - 8235;UN;PA-MR;
4900020;3,2008E+11;Mini-Rolos - 8240;Mini-Rolos - 8240;UN;PA-MR;
4900021;3,2008E+11;Mini-Rolos - 8242;Mini-Rolos - 8242;UN;PA-MR;
4900022;3,2008E+11;Mini-Rolos - 8244;Mini-Rolos - 8244;UN;PA-MR;
4900023;3,2008E+11;Mini-Rolos - 8244 Prof;Mini-Rolos - 8244 Prof;UN;PA-MR;
4900024;3,2008E+11;Mini-Rolos - 8245;Mini-Rolos - 8245;UN;PA-MR;
4900025;3,2008E+11;Mini-Rolos - 8245 Prof;Mini-Rolos - 8245 Prof;UN;PA-MR;
4900026;3,2008E+11;Mini-Rolos - 8247;Mini-Rolos - 8247;UN;PA-MR;
4900027;3,2008E+11;Mini-Rolos - 8248;Mini-Rolos - 8248;UN;PA-MR;
4900028;3,2008E+11;Mini-Rolos - 8248 Prof;Mini-Rolos - 8248 Prof;UN;PA-MR;
4900029;3,2008E+11;Mini-Rolos - 8249;Mini-Rolos - 8249;UN;PA-MR;
4900030;3,2008E+11;Mini-Rolos - 8251;Mini-Rolos - 8251;UN;PA-MR;
4900031;3,2008E+11;Mini-Rolos - 8265;Mini-Rolos - 8265;UN;PA-MR;
4900032;3,2008E+11;Mini-Rolos - 8275;Mini-Rolos - 8275;UN;PA-MR;
4900033;3,2008E+11;Mini-Rolos - 8276;Mini-Rolos - 8276;UN;PA-MR;
4900034;3,2008E+11;Mini-Rolos - 8285;Mini-Rolos - 8285;UN;PA-MR;
4900035;3,2008E+11;Mini-Rolos - 8295;Mini-Rolos - 8295;UN;PA-MR;
5000001;3,2008E+11;Aglomerado c/ Decorat;Aglomerado c/ Decorat;UN;PA-OP;
5000002;3,2008E+11;Cortiça c/Adesivo;Cortiça c/Adesivo;UN;PA-OP;
5000003;3,2008E+11;Cortiça c/Desperd.Pneu;Cortiça c/Desperd.Pneu;UN;PA-OP;
5000004;3,2008E+11;Cortiça com Cartão;Cortiça com Cartão;UN;PA-OP;
5000005;3,2008E+11;Cortiça com Celluloso;Cortiça com Celluloso;UN;PA-OP;
5000006;3,2008E+11;Cortiça com Coco;Cortiça com Coco;UN;PA-OP;
5000007;3,2008E+11;Cortiça com Cortiça;Cortiça com Cortiça;UN;PA-OP;
5000008;3,2008E+11;Cortiça com Decorativo;Cortiça com Decorativo;UN;PA-OP;
5000009;3,2008E+11;Cortiça com Latex;Cortiça com Latex;UN;PA-OP;
5000010;3,2008E+11;Cortiça com MDF;Cortiça com MDF;UN;PA-OP;
5000011;3,2008E+11;Cortiça com Softboard;Cortiça com Softboard;UN;PA-OP;
5000012;3,2008E+11;Cortiça Pintada;Cortiça Pintada;UN;PA-OP;
5000013;3,2008E+11;Decorativo;Decorativo;UN;PA-OP;
5000014;3,2008E+11;Decorativo c/ Celuloso;Decorativo c/ Celuloso;UN;PA-OP;
5000015;3,2008E+11;Desperdícios de Folhas;Desperdícios de Folhas;UN;PA-OP;
5000017;3,2008E+11;Produtos Dyncork;Produtos Dyncork;UN;PA-OP;
5000018;3,2008E+11;Rolo Auto-Adesivo;Rolo Auto-Adesivo;UN;PA-OP;
5000019;3,2008E+11;Rolo Medidas Especiais;Rolo Medidas Especiais;UN;PA-OP;
5100001;3,2008E+11;Acessórios secretária;Acessórios secretária;UN;PA-OR;
5100002;3,2008E+11;Licenciados;Licenciados;UN;PA-OR;
5100003;3,2008E+11;Memos combinados;Memos combinados;UN;PA-OR;
5100004;3,2008E+11;Memos cortiça decorad;Memos cortiça decorad;UN;PA-OR;
5100005;3,2008E+11;Memos cortiça naturais;Memos cortiça naturais;UN;PA-OR;
5100007;3,2008E+11;Memos s/ caixilho dec;Memos s/ caixilho dec;UN;PA-OR;
5100008;3,2008E+11;Memos s/ caixilho nat;Memos s/ caixilho nat;UN;PA-OR;
5200001;3,2008E+11;Decor - Aprov.;Decor - Aprov.;UN;PA-OU;
5200002;3,2008E+11;Decor - Blocos;Decor - Blocos;UN;PA-OU;
5200003;3,2008E+11;Decor (Acima 3 mm);Decor (Acima 3 mm);UN;PA-OU;
5200004;3,2008E+11;Decor (Veneers);Decor (Veneers);UN;PA-OU;
5200005;3,2008E+11;Decor 2,0 mm;Decor 2,0 mm;UN;PA-OU;
5200006;3,2008E+11;Decor 3,0 mm;Decor 3,0 mm;UN;PA-OU;
5200008;3,2008E+11;Parq. Dec. Aprov.;Parq. Dec. Aprov.;UN;PA-OU;
5200009;3,2008E+11;Parq. Dec. Cera;Parq. Dec. Cera;UN;PA-OU;
5200010;3,2008E+11;Parq. Dec. Verniz;Parq. Dec. Verniz;UN;PA-OU;
5200011;3,2008E+11;Parq. Decorativo;Parq. Decorativo;UN;PA-OU;
5200012;3,2008E+11;Parq. Natural;Parq. Natural;UN;PA-OU;
5200013;3,2008E+11;Parq. Natural Aprov.;Parq. Natural Aprov.;UN;PA-OU;
5200014;3,2008E+11;Parq. Natural Blocos;Parq. Natural Blocos;UN;PA-OU;
5200015;3,2008E+11;Parq. Natural Cera;Parq. Natural Cera;UN;PA-OU;
5200016;3,2008E+11;Parq. Natural Pintado;Parq. Natural Pintado;UN;PA-OU;
5200017;3,2008E+11;Parq. Natural Verniz;Parq. Natural Verniz;UN;PA-OU;
5200019;3,2008E+11;Roda-Pes Lixados;Roda-Pes Lixados;UN;PA-OU;
5200020;3,2008E+11;Roda-Pes Verniz;Roda-Pes Verniz;UN;PA-OU;
5200021;3,2008E+11;Stabyll - Aprov.;Stabyll - Aprov.;UN;PA-OU;
5200022;3,2008E+11;Stabyll - Bru,Lix,Par;Stabyll - Bru,Lix,Par;UN;PA-OU;
5200023;3,2008E+11;Stabyll - Pintado;Stabyll - Pintado;UN;PA-OU;
5200024;3,2008E+11;Stabyll - Verniz;Stabyll - Verniz;UN;PA-OU;
5300001;3,2008E+11;Regranulado;Regranulado;UN;PA-RG;
5300002;3,2008E+11;Rolos - 5011;Rolos - 5011;UN;PA-RL;
5300003;3,2008E+11;Rolos - 5019;Rolos - 5019;UN;PA-RL;
5300004;3,2008E+11;Rolos - 5019 Profile;Rolos - 5019 Profile;UN;PA-RL;
5300005;3,2008E+11;Rolos - 5313;Rolos - 5313;UN;PA-RL;
5300006;3,2008E+11;Rolos - 5351;Rolos - 5351;UN;PA-RL;
5300007;3,2008E+11;Rolos - 5400 Profile;Rolos - 5400 Profile;UN;PA-RL;
5300008;3,2008E+11;Rolos - 8201;Rolos - 8201;UN;PA-RL;
5300009;3,2008E+11;Rolos - 8202;Rolos - 8202;UN;PA-RL;
5300010;3,2008E+11;Rolos - 8203;Rolos - 8203;UN;PA-RL;
5300011;3,2008E+11;Rolos - 8204;Rolos - 8204;UN;PA-RL;
5300012;3,2008E+11;Rolos - 8205;Rolos - 8205;UN;PA-RL;
5300013;3,2008E+11;Rolos - 8206;Rolos - 8206;UN;PA-RL;
5300014;3,2008E+11;Rolos - 8207;Rolos - 8207;UN;PA-RL;
5300015;3,2008E+11;Rolos - 8209;Rolos - 8209;UN;PA-RL;
5300016;3,2008E+11;Rolos - 8210;Rolos - 8210;UN;PA-RL;
5300017;3,2008E+11;Rolos - 8210 Profile;Rolos - 8210 Profile;UN;PA-RL;
5300018;3,2008E+11;Rolos - 8214;Rolos - 8214;UN;PA-RL;
5300019;3,2008E+11;Rolos - 8216;Rolos - 8216;UN;PA-RL;
5300020;3,2008E+11;Rolos - 8219;Rolos - 8219;UN;PA-RL;
5300021;3,2008E+11;Rolos - 8220;Rolos - 8220;UN;PA-RL;
5300022;3,2008E+11;Rolos - 8221;Rolos - 8221;UN;PA-RL;
5300023;3,2008E+11;Rolos - 8222;Rolos - 8222;UN;PA-RL;
5300024;3,2008E+11;Rolos - 8225;Rolos - 8225;UN;PA-RL;
5300025;3,2008E+11;Rolos - 8226;Rolos - 8226;UN;PA-RL;
5300026;3,2008E+11;Rolos - 8229;Rolos - 8229;UN;PA-RL;
5300027;3,2008E+11;Rolos - 8230;Rolos - 8230;UN;PA-RL;
5300028;3,2008E+11;Rolos - 8231;Rolos - 8231;UN;PA-RL;
5300029;3,2008E+11;Rolos - 8232;Rolos - 8232;UN;PA-RL;
5300030;3,2008E+11;Rolos - 8235;Rolos - 8235;UN;PA-RL;
5300031;3,2008E+11;Rolos - 8236;Rolos - 8236;UN;PA-RL;
5300032;3,2008E+11;Rolos - 8240;Rolos - 8240;UN;PA-RL;
5300033;3,2008E+11;Rolos - 8242;Rolos - 8242;UN;PA-RL;
5300034;3,2008E+11;Rolos - 8244;Rolos - 8244;UN;PA-RL;
5300035;3,2008E+11;Rolos - 8244 Profile;Rolos - 8244 Profile;UN;PA-RL;
5300036;3,2008E+11;Rolos - 8245;Rolos - 8245;UN;PA-RL;
5300037;3,2008E+11;Rolos - 8245 Profile;Rolos - 8245 Profile;UN;PA-RL;
5300038;3,2008E+11;Rolos - 8246;Rolos - 8246;UN;PA-RL;
5300039;3,2008E+11;Rolos - 8247;Rolos - 8247;UN;PA-RL;
5300040;3,2008E+11;Rolos - 8248;Rolos - 8248;UN;PA-RL;
5300041;3,2008E+11;Rolos - 8248 Profile;Rolos - 8248 Profile;UN;PA-RL;
5300042;3,2008E+11;Rolos - 8249;Rolos - 8249;UN;PA-RL;
5300043;3,2008E+11;Rolos - 8250;Rolos - 8250;UN;PA-RL;
5300044;3,2008E+11;Rolos - 8251;Rolos - 8251;UN;PA-RL;
5300045;3,2008E+11;Rolos - 8252;Rolos - 8252;UN;PA-RL;
5300046;3,2008E+11;Rolos - 8253;Rolos - 8253;UN;PA-RL;
5300047;3,2008E+11;Rolos - 8254;Rolos - 8254;UN;PA-RL;
5300048;3,2008E+11;Rolos - 8255;Rolos - 8255;UN;PA-RL;
5300049;3,2008E+11;Rolos - 8256;Rolos - 8256;UN;PA-RL;
5300050;3,2008E+11;Rolos - 8257;Rolos - 8257;UN;PA-RL;
5300051;3,2008E+11;Rolos - 8258;Rolos - 8258;UN;PA-RL;
5300052;3,2008E+11;Rolos - 8259;Rolos - 8259;UN;PA-RL;
5300053;3,2008E+11;Rolos - 8260;Rolos - 8260;UN;PA-RL;
5300054;3,2008E+11;Rolos - 8261;Rolos - 8261;UN;PA-RL;
5300055;3,2008E+11;Rolos - 8262;Rolos - 8262;UN;PA-RL;
5300056;3,2008E+11;Rolos - 8263;Rolos - 8263;UN;PA-RL;
5300057;3,2008E+11;Rolos - 8264;Rolos - 8264;UN;PA-RL;
5300058;3,2008E+11;Rolos - 8265;Rolos - 8265;UN;PA-RL;
5300059;3,2008E+11;Rolos - 8266;Rolos - 8266;UN;PA-RL;
5300060;3,2008E+11;Rolos - 8270;Rolos - 8270;UN;PA-RL;
5300061;3,2008E+11;Rolos - 8275;Rolos - 8275;UN;PA-RL;
5300062;3,2008E+11;Rolos - 8276;Rolos - 8276;UN;PA-RL;
5300063;3,2008E+11;Rolos - 8280;Rolos - 8280;UN;PA-RL;
5300064;3,2008E+11;Rolos - 8281;Rolos - 8281;UN;PA-RL;
5300065;3,2008E+11;Rolos - 8285;Rolos - 8285;UN;PA-RL;
5300066;3,2008E+11;Rolos - 8290;Rolos - 8290;UN;PA-RL;
5300067;3,2008E+11;Rolos - 8292;Rolos - 8292;UN;PA-RL;
5300068;3,2008E+11;Rolos - 8294;Rolos - 8294;UN;PA-RL;
5300069;3,2008E+11;Rolos - 8295;Rolos - 8295;UN;PA-RL;
5300071;3,2008E+11;Rolos US;Rolos US;UN;PA-RL;
5400006;3,2008E+11;Tiras de Rolos/Placas;Tiras de Rolos/Placas;UN;PA-TR;
5400007;3,2008E+11;Triturado Broca;Triturado Broca;UN;PA-TR;
5400008;3,2008E+11;Triturado Costa;Triturado Costa;UN;PA-TR;
5400009;3,2008E+11;Triturado Especial;Triturado Especial;UN;PA-TR;
5400010;3,2008E+11;Triturado Virgem;Triturado Virgem;UN;PA-TR;
5500001;3,2008E+11;Discos c/ Vinil;Discos c/ Vinil;UN;PA-VN;
5500002;3,2008E+11;Placas c/ Vinil;Placas c/ Vinil;UN;PA-VN;
6000001;3,2009E+11;Blocos Brancos;Blocos Brancos;UN;SA-BL;
6000002;3,2009E+11;Blocos c/ Desperd.Pneu;Blocos c/ Desperd.Pneu;UN;SA-BL;
6000003;3,2009E+11;Blocos Calçado;Blocos Calçado;UN;SA-BL;
6000004;3,2009E+11;Blocos Decor;Blocos Decor;UN;SA-BL;
6000006;3,2009E+11;Blocos Parquet;Blocos Parquet;UN;SA-BL;
6100001;3,2009E+11;Solados;Solados;UN;SA-CC;
6100002;3,2009E+11;"Cilindros 36""x39""";"Cilindros 36""x39""";UN;SA-CI;
6100003;3,2009E+11;"Cilindros 40""x39""";"Cilindros 40""x39""";UN;SA-CI;
6100004;3,2009E+11;"Cilindros 42""x39""";"Cilindros 42""x39""";UN;SA-CI;
6100005;3,2009E+11;"Cilindros 49""x39""";"Cilindros 49""x39""";UN;SA-CI;
6100006;3,2009E+11;"Cilindros 50""x39""";"Cilindros 50""x39""";UN;SA-CI;
6100007;3,2009E+11;"Cilindros 54""x39""";"Cilindros 54""x39""";UN;SA-CI;
6100008;3,2009E+11;"Cilindros 60""x39""";"Cilindros 60""x39""";UN;SA-CI;
6100009;3,2009E+11;"Cilindros 62""x39""";"Cilindros 62""x39""";UN;SA-CI;
6100010;3,2009E+11;"Cilindros 64""x39""";"Cilindros 64""x39""";UN;SA-CI;
6100011;3,2009E+11;"Cilindros 72""x39""";"Cilindros 72""x39""";UN;SA-CI;
6100012;3,2009E+11;"Cilindros >50""x43""";"Cilindros >50""x43""";UN;SA-CI;
6100013;3,2009E+11;"Cilindros >54""x43""";"Cilindros >54""x43""";UN;SA-CI;
6100014;3,2009E+11;"Cilindros >56""x43""";"Cilindros >56""x43""";UN;SA-CI;
6100015;3,2009E+11;"Cilindros >60""x43""";"Cilindros >60""x43""";UN;SA-CI;
6100016;3,2009E+11;Cilindros 1 m;Cilindros 1 m;UN;SA-CI;
6100017;3,2009E+11;"CILINDROS 32""";"CILINDROS 32""";UN;SA-CI;
6100018;3,2009E+11;Cilindros 36'';Cilindros 36'';UN;SA-CI;
6100019;3,2009E+11;Cilindros 42'';Cilindros 42'';UN;SA-CI;
6100020;3,2009E+11;Cilindros 43'';Cilindros 43'';UN;SA-CI;
6100021;3,2009E+11;Cilindros 48'';Cilindros 48'';UN;SA-CI;
6100022;3,2009E+11;Cilindros 50'';Cilindros 50'';UN;SA-CI;
6200001;3,2009E+11;Blocos CR;Blocos CR;UN;SA-CR;
6200002;3,2009E+11;Cilindros Caland. CR;Cilindros Caland. CR;UN;SA-CR;
6200003;3,2009E+11;Cilindros Ply-up CR;Cilindros Ply-up CR;UN;SA-CR;
6200004;3,2009E+11;Folhas CR;Folhas CR;UN;SA-CR;
6200005;3,2009E+11;Misturas;Misturas;UN;SA-CR;
6200006;3,2009E+11;Rolos CR;Rolos CR;UN;SA-CR;
6300001;3,2009E+11;Desp.Moídos Borracha;Desp.Moídos Borracha;UN;SA-DM;
6300002;3,2009E+11;Desp.Moídos Folhas;Desp.Moídos Folhas;UN;SA-DM;
6300003;3,2009E+11;Desp.Moídos RH;Desp.Moídos RH;UN;SA-DM;
6300004;3,2009E+11;Blocos DS;Blocos DS;UN;SA-DS;
6300005;3,2009E+11;Cilindros DS;Cilindros DS;UN;SA-DS;
6300006;3,2009E+11;Folhas DS;Folhas DS;UN;SA-DS;
6300007;3,2009E+11;Misturas;Misturas;UN;SA-DS;
6300008;3,2009E+11;Rolos DS;Rolos DS;UN;SA-DS;
6300009;3,2009E+11;Fl.Prensadas Parq.Dec;Fl.Prensadas Parq.Dec;UN;SA-FP;
6300011;3,2009E+11;Fl.Prensadas Stabyll;Fl.Prensadas Stabyll;UN;SA-FP;
6400001;3,2009E+11;Granulado AD;Granulado AD;UN;SA-GH;
6400002;3,2009E+11;Granulado ADR;Granulado ADR;UN;SA-GH;
6400003;3,2009E+11;Granulado ADTR;Granulado ADTR;UN;SA-GH;
6400004;3,2009E+11;Granulado BD 2/3;Granulado BD 2/3;UN;SA-GH;
6400005;3,2009E+11;Granulado BD Fino;Granulado BD Fino;UN;SA-GH;
6400006;3,2009E+11;Granulado BD Grosso;Granulado BD Grosso;UN;SA-GH;
6400007;3,2009E+11;Granulado BD/MD;Granulado BD/MD;UN;SA-GH;
6400008;3,2009E+11;Granulado MD;Granulado MD;UN;SA-GH;
6400009;3,2009E+11;Granulado MDR;Granulado MDR;UN;SA-GH;
6400010;3,2009E+11;Granulado MF;Granulado MF;UN;SA-GH;
6400011;3,2009E+11;Granulado Mistura;Granulado Mistura;UN;SA-GH;
6500001;3,2009E+11;Especialidades;Especialidades;UN;SA-GI;
6500002;3,2009E+11;Garrafeiras;Garrafeiras;UN;SA-GI;
6500003;3,2009E+11;Memoboards;Memoboards;UN;SA-GI;
6500006;3,2009E+11;Tablemats/Disney;Tablemats/Disney;UN;SA-GI;
6500007;3,2009E+11;Trivets;Trivets;UN;SA-GI;
6600001;3,2009E+11;Granulado AD Seco;Granulado AD Seco;UN;SA-GS;
6600002;3,2009E+11;Granulado BD 2/3 Seco;Granulado BD 2/3 Seco;UN;SA-GS;
6600003;3,2009E+11;Granulado BD Fino Seco;Granulado BD Fino Seco;UN;SA-GS;
6600004;3,2009E+11;Granulado BD Grosso Sc;Granulado BD Grosso Sc;UN;SA-GS;
6600005;3,2009E+11;Granulado BD/MD Seco;Granulado BD/MD Seco;UN;SA-GS;
6600006;3,2009E+11;Granulado Falca Seco;Granulado Falca Seco;UN;SA-GS;
6600007;3,2009E+11;Granulado MD Seco;Granulado MD Seco;UN;SA-GS;
6600008;3,2009E+11;Granulado Mistura Seco;Granulado Mistura Seco;UN;SA-GS;
6700001;3,2009E+11;Folhas de Quadros CR;Folhas de Quadros CR;UN;SA-JC;
6700002;3,2009E+11;Juntas CR;Juntas CR;UN;SA-JC;
6700004;3,2009E+11;Quadros CR;Quadros CR;UN;SA-JC;
6700005;3,2009E+11;Folhas de Quadros DS;Folhas de Quadros DS;UN;SA-JD;
6700006;3,2009E+11;Juntas DS;Juntas DS;UN;SA-JD;
6700008;3,2009E+11;Quadros DS;Quadros DS;UN;SA-JD;
7000001;3,2009E+11;Decor;Decor;UN;SA-PL;
7000002;3,2009E+11;Parquet;Parquet;UN;SA-PL;
7000003;3,2009E+11;Placas Brancos;Placas Brancos;UN;SA-PL;
7000004;3,2009E+11;Placas Brancos>=100;Placas Brancos>=100;UN;SA-PL;
7000005;3,2009E+11;Placas Calçado;Placas Calçado;UN;SA-PL;
7000006;3,2009E+11;Placas Calçado>=100;Placas Calçado>=100;UN;SA-PL;
7000009;3,2009E+11;Rodapés;Rodapés;UN;SA-PL;
7000010;3,2009E+11;Stabyll;Stabyll;UN;SA-PL;
7000011;3,2009E+11;Pó Cortiça c/ Borracha;Pó Cortiça c/ Borracha;UN;SA-PO;
7000012;3,2009E+11;Pó de Cortiça;Pó de Cortiça;UN;SA-PO;
7000013;3,2009E+11;Folhas de Rolos;Folhas de Rolos;UN;SA-RF;
7000014;3,2009E+11;Rolos;Rolos;UN;SA-RF;
7000015;3,2009E+11;Rolos para Mini-Rolos;Rolos para Mini-Rolos;UN;SA-RM;
7000016;3,2009E+11;Triturado Barrigas;Triturado Barrigas;UN;SA-TR;
7000017;3,2009E+11;Triturado Broca;Triturado Broca;UN;SA-TR;
7000018;3,2009E+11;Triturado Crú;Triturado Crú;UN;SA-TR;
7000019;3,2009E+11;Triturado Especial;Triturado Especial;UN;SA-TR;
7000020;3,2009E+11;Triturado Grossa;Triturado Grossa;UN;SA-TR;
7000021;3,2009E+11;Triturado Virgem;Triturado Virgem;UN;SA-TR;
7000022;3,2009E+11;Triturados Mistura;Triturados Mistura;UN;SA-TR;
7000023;3,2009E+11;Fl.Prens.Discos Vinil;Fl.Prens.Discos Vinil;UN;SA-VN;
